,SPX,FX,US_10Y,KR_10Y,VIX,KOSPI,Yield_Spread,FX_MA_Divergence,VIX_Change,Returns_SPX,Swap_Point_Proxy
2025-12-30,6929.94,1445.0,4.134,3.37,20.0,554.3951999999999,-0.7640000000000002,0.0,0.0,0.0,-0.083083333
2025-12-31,6898.359136066424,1461.7885204264762,4.163590029069902,3.399590029069902,20.086786805661536,551.868730885314,-0.7640000000000002,0.0,0.004339340283076698,-0.004557162678692106,-0.083083333
2026-01-01,6992.8635368452715,1469.4273912248766,4.190660017622449,3.426660017622449,20.77489255949395,559.4290829476217,-0.7639999999999998,0.0,0.034256636488941394,0.013699547807645152,-0.083083333
2026-01-02,6930.657417821036,1479.9652807549553,4.197667051480896,3.4336670514808962,18.67916436906753,554.4525934256828,-0.7639999999999998,0.0,-0.1008779315909718,-0.00889565750803989,-0.083083333
2026-01-05,6851.451746132703,1463.2716516765047,4.213972037578599,3.4499720375785987,18.62078409623764,548.1161396906163,-0.7640000000000002,0.0,-0.0031254220840074565,-0.01142830570223663,-0.083083333
2026-01-06,6851.184023985323,1460.087978680092,4.221619820932827,3.457619820932827,17.188930648593058,548.0947219188258,-0.7640000000000002,0.0,-0.07689544329843179,-3.907524380242222e-05,-0.083083333
2026-01-07,6793.264503076305,1461.642497374897,4.234043411863779,3.470043411863779,16.40629852990806,543.4611602461044,-0.7640000000000002,0.0,-0.045531169721081954,-0.008453943246342077,-0.083083333
2026-01-08,6606.236988447556,1423.4983132748227,4.230656195596141,3.46665619559614,15.767058028519168,528.4989590758045,-0.7640000000000007,0.0,-0.03896311530742791,-0.027531316430275177,-0.083083333
2026-01-09,6653.204307014917,1415.1297900806865,4.230444759637426,3.4664447596374255,14.69673220203957,532.2563445611934,-0.7640000000000007,0.0,-0.06788367395766615,0.00710954188435764,-0.083083333
2026-01-12,6590.395992328666,1426.37371549138,4.285410650910619,3.5214106509106187,14.451588219810754,527.2316793862933,-0.7640000000000007,0.0,-0.01668016936409822,-0.00944031053127703,-0.083083333
2026-01-13,6735.537558271529,1440.5623331212494,4.318891633486557,3.5548916334865566,14.956821706119337,538.8430046617223,-0.7640000000000007,0.0,0.034960412559776,0.022023193463914792,-0.083083333
2026-01-14,6658.64849827761,1440.8645611355137,4.311078045074686,3.547078045074686,14.062167638128333,532.6918798622088,-0.7640000000000002,0.0,-0.05981578744266047,-0.011415430368953317,-0.083083333
2026-01-15,6743.913582341835,1415.730975859025,4.343662414304572,3.5796624143045714,13.472343920350363,539.5130865873468,-0.7640000000000007,0.0,-0.04194401126172853,0.01280516370345719,-0.083083333
2026-01-16,6841.0438235709635,1425.04181964898,4.350974967039294,3.586974967039293,14.023196064837046,547.2835058856771,-0.7640000000000007,0.0,0.040887624881265516,0.014402652116339842,-0.083083333
2026-01-19,6827.38452303937,1403.4248896441638,4.3637272171978365,3.5997272171978354,12.38282835809979,546.1907618431496,-0.7640000000000011,0.0,-0.1169753099901708,-0.0019966690586793456,-0.083083333
2026-01-20,6886.712842558082,1419.742159093859,4.375555745359837,3.611555745359836,13.38651852633062,550.9370274046466,-0.7640000000000011,0.0,0.0810550012650626,0.008689758035233863,-0.083083333
2026-01-21,6695.803182630717,1397.4036291008565,4.389720955034533,3.6257209550345313,14.718818755951506,535.6642546104574,-0.7640000000000016,0.0,0.09952552091870026,-0.027721449157512956,-0.083083333
2026-01-22,6548.165663214863,1417.24149836863,4.4082704327266535,3.644270432726652,15.344994330409481,523.853253057189,-0.7640000000000016,0.0,0.042542515458639185,-0.022049262110755197,-0.083083333
2026-01-23,6662.862452900533,1426.4258919388442,4.425948604164104,3.6619486041641025,15.311518741437993,533.0289962320427,-0.7640000000000011,0.0,-0.00218153153078382,0.01751586560034557,-0.083083333
2026-01-26,6652.7731518444225,1412.406329466459,4.446531764071456,3.6825317640714554,16.109554207058356,532.2218521475538,-0.7640000000000007,-0.01591716327581641,0.05211994179653878,-0.0015142592432954016,-0.083083333
2026-01-27,6637.948771660089,1400.1049424759706,4.452927945477022,3.688927945477021,15.434323076846619,531.0359017328071,-0.7640000000000007,-0.02295995250553645,-0.04191494820607056,-0.0022283008673192883,-0.083083333
2026-01-28,6666.49272402518,1404.1182843664155,4.497445528296109,3.7334455282961083,16.99848850385628,533.3194179220144,-0.7640000000000007,-0.018183686785593442,0.1013433125134009,0.004300116398450626,-0.083083333
2026-01-29,6862.511552695135,1375.9021550138884,4.50280520352763,3.7388052035276287,15.206404789248975,549.0009242156108,-0.7640000000000011,-0.034757365289390434,-0.1054260626879121,0.029403591481248936,-0.083083333
2026-01-30,6834.382790893001,1371.5620535420612,4.518123016200801,3.7541230162007997,15.066151029960581,546.7506232714401,-0.7640000000000011,-0.03412944095927331,-0.009223334590405918,-0.004098901923318077,-0.083083333
2026-02-02,6718.974419742109,1375.501743054551,4.510476557552159,3.7464765575521572,16.142728813155696,537.5179535793687,-0.7640000000000016,-0.028352253259026256,0.07145672315737639,-0.016886436519867876,-0.083083333
2026-02-03,6666.308348693482,1383.0338677199748,4.533903112223478,3.769903112223476,15.258753550025308,533.3046678954786,-0.764000000000002,-0.020365489865401397,-0.05475996489577295,-0.00783840922118706,-0.083083333
2026-02-04,6929.610597001204,1374.7133898860557,4.545125175306255,3.7811251753062534,16.17663232072541,554.3688477600963,-0.764000000000002,-0.023251966518604936,0.060154243116311346,0.039497460143637975,-0.083083333
2026-02-05,6951.288729130218,1367.2702430185,4.555421888776043,3.791421888776041,14.35233764226373,556.1030983304174,-0.764000000000002,-0.02659599424182773,-0.11277345261315008,0.0031283333782701206,-0.083083333
2026-02-06,6999.0498661231295,1386.5391039209317,4.560607875901887,3.7966078759018846,13.828471388648289,559.9239892898504,-0.7640000000000025,-0.01187221849220408,-0.036500413150314825,0.006870831993032178,-0.083083333
2026-02-09,7060.222849802576,1391.2649079631776,4.567599107202831,3.8035991072028286,14.17229794747963,564.8178279842061,-0.7640000000000025,-0.007262395152614747,0.024863670695633555,0.008740184003479756,-0.083083333
2026-02-10,6896.175275363304,1379.2444754364271,4.608380410666766,3.8443804106667634,15.001503520182649,551.6940220290643,-0.7640000000000025,-0.013681841665618836,0.058508900657884055,-0.023235466915022318,-0.083083333
2026-02-11,7008.564835214266,1382.7210927068816,4.586176826770805,3.822176826770802,16.033411743633682,560.6851868171414,-0.7640000000000029,-0.009135691125802302,0.06878698672187955,0.016297375771824774,-0.083083333
2026-02-12,7006.0355669706205,1376.7654984225749,4.601138556750677,3.837138556750674,16.546790697694817,560.4828453576497,-0.7640000000000033,-0.012024142816925707,0.032019320795212636,-0.0003608824778130737,-0.083083333
2026-02-13,6848.5584819460955,1367.3757099057434,4.611798991569918,3.8477989915699147,16.82445686062113,547.8846785556876,-0.7640000000000033,-0.016727848503093314,0.0167806656891476,-0.02247734592826478,-0.083083333
2026-02-16,6968.919199313469,1358.1808017699873,4.627818258773834,3.86381825877383,15.96239848549865,557.5135359450776,-0.7640000000000038,-0.02174849572865032,-0.051238407412734444,0.0175746060553712,-0.083083333
2026-02-17,7028.090153407161,1373.6472453294557,4.6516149896206604,3.887614989620656,15.775437485671674,562.2472122725729,-0.7640000000000042,-0.008963391166557609,-0.011712588180079808,0.008490693090475343,-0.083083333
2026-02-18,7080.209763655569,1353.8731977337136,4.676105089800745,3.9121050898007415,14.297339114837408,566.4167810924455,-0.7640000000000038,-0.02169343199957323,-0.09369618891246445,0.007415899499118028,-0.083083333
2026-02-19,7279.129745332537,1379.2830962472258,4.6803996378417105,3.916399637841707,15.737682326259879,582.330379626603,-0.7640000000000033,-0.0019635395987406537,0.1007420471637075,0.028095210215108635,-0.083083333
2026-02-20,7333.059422079232,1379.1683261751486,4.688297192622292,3.9242971926222885,15.416329557621854,586.6447537663386,-0.7640000000000033,-0.00033740621951857124,-0.020419319819527493,0.007408808282511448,-0.083083333
2026-02-23,7212.7841166697635,1379.0545248706856,4.707220431567719,3.9432204315677155,15.62563679088421,577.0227293335811,-0.7640000000000033,0.0007897812491131285,0.013576982282327732,-0.016401790642433522,-0.083083333
2026-02-24,7178.129583320591,1381.2797524345106,4.703772872946401,3.9397728729463974,17.857637688231854,574.2503666656473,-0.7640000000000038,0.003089834273575275,0.14284223594969037,-0.004804598722021991,-0.083083333
2026-02-25,7355.576592656712,1368.3381297369006,4.713646494419611,3.9496464944196066,17.46750779531809,588.446127412537,-0.7640000000000042,-0.00501574724580832,-0.02184666862016449,0.02472050793683689,-0.083083333
2026-02-26,7134.986548507558,1355.6167536878047,4.73447239625925,3.9704723962592454,16.69852245961314,570.7989238806047,-0.7640000000000042,-0.013538530245027295,-0.04402375798057845,-0.029989497270598187,-0.083083333
2026-02-27,7181.732715222187,1344.742965185773,4.763588043743846,3.9995880437438425,17.721834338085714,574.5386172177749,-0.7640000000000038,-0.020495426316999472,0.06128158230451475,0.0065516825290170555,-0.083083333
2026-03-02,6772.367197899178,1351.0613872474437,4.75930367412929,3.995303674129286,16.4903142815141,541.7893758319342,-0.7640000000000042,-0.015016370960260612,-0.06949168088796398,-0.057000940240414466,-0.083083333
2026-03-03,6669.6537273748845,1358.8042049224111,4.780258753871111,4.0162587538711065,17.19404006025763,533.5722981899908,-0.7640000000000047,-0.008495792515771776,0.04267509804421499,-0.015166553661791315,-0.083083333
2026-03-04,6602.525245550949,1344.944503492124,4.750673004219824,3.9866730042198197,18.426404957185742,528.2020196440759,-0.7640000000000047,-0.01754201265095275,0.07167395752302586,-0.010064762665026206,-0.083083333
2026-03-05,6725.136318815582,1325.3630853224843,4.741689477638171,3.9776894776381666,18.645807277355686,538.0109055052466,-0.7640000000000042,-0.030361740350591894,0.011906952044076435,0.01857033009411868,-0.083083333
2026-03-06,6791.97027285169,1311.3535468985212,4.792075340326046,4.028075340326041,16.83374727043552,543.3576218281353,-0.7640000000000047,-0.03796526698701357,-0.0971832423217639,0.00993793298272938,-0.083083333
2026-03-09,6776.440048946057,1313.2446222925225,4.808813137315968,4.0448131373159635,16.189420711110976,542.1152039156846,-0.7640000000000047,-0.03381284382246548,-0.03827588409005933,-0.00228655651920473,-0.083083333
2026-03-10,6731.636734407103,1300.6307372150218,4.83927328299691,4.075273282996905,15.868965199266336,538.5309387525683,-0.7640000000000047,-0.040317887004007645,-0.019794130844021374,-0.006611630032191007,-0.083083333
2026-03-11,6669.575683137256,1291.7160044190355,4.84618083403396,4.082180834033955,17.14970855146592,533.5660546509805,-0.7640000000000047,-0.0436849265101358,0.08070742711432732,-0.0092193108033648,-0.083083333
2026-03-12,6748.360560021594,1286.5347358524725,4.830273808882492,4.066273808882487,18.739578333521187,539.8688448017275,-0.7640000000000047,-0.04432882027148818,0.09270535282183379,0.011812577085455356,-0.083083333
2026-03-13,6507.027825620322,1276.8487205475224,4.838980787353286,4.074980787353281,18.131603270511327,520.5622260496258,-0.7640000000000047,-0.048324032484147884,-0.032443369439232206,-0.03576168348664821,-0.083083333
2026-03-16,6469.677054380134,1255.850842845667,4.831557863235724,4.067557863235719,17.108718491070775,517.5741643504107,-0.7640000000000047,-0.06039123127334375,-0.05641446948622242,-0.005740066316164416,-0.083083333
2026-03-17,6565.3749261621115,1252.3890669680873,4.858722428833403,4.094722428833398,16.856778372182806,525.2299940929689,-0.7640000000000047,-0.05871142799814628,-0.014725832271976436,0.014791754051647343,-0.083083333
2026-03-18,6621.338529510899,1252.0384757680952,4.86388186015661,4.099881860156605,16.07732706045289,529.7070823608719,-0.7640000000000047,-0.05535986798067203,-0.04623963692944866,0.008524052925870329,-0.083083333
2026-03-19,6671.376193025307,1258.4212335203345,4.8541299044746875,4.090129904474683,16.185964101687667,533.7100954420246,-0.7640000000000047,-0.04619541425782386,0.006757158128729124,0.0075570314508754954,-0.083083333
2026-03-20,6915.447333840527,1258.508998458948,4.877553941948098,4.113553941948093,16.857742194304176,553.2357867072421,-0.7640000000000047,-0.04174717634681607,0.04150374289699954,0.03658482654154449,-0.083083333
2026-03-23,6855.807927399121,1250.4558050929215,4.86920651339859,4.105206513398585,17.003568474524926,548.4646341919297,-0.7640000000000047,-0.04319463113147662,0.008650403982926047,-0.00862408511876922,-0.083083333
2026-03-24,6855.260958425855,1247.0632714045948,4.876334399979916,4.112334399979911,16.387102923153886,548.4208766740684,-0.7640000000000047,-0.04086543002035785,-0.036255069181192145,-7.97818403107664e-05,-0.083083333
2026-03-25,6919.850858293655,1235.0348039399469,4.868375588763231,4.104375588763227,16.068831836611633,553.5880686634924,-0.7640000000000047,-0.04522224500291645,-0.019422047205949866,0.009421946189869246,-0.083083333
2026-03-26,6830.715930157876,1227.1807423075718,4.895044142926817,4.131044142926813,14.959875394193618,546.4572744126301,-0.7640000000000047,-0.04656064663259713,-0.06901288492492275,-0.012881047577629201,-0.083083333
2026-03-27,6772.388413944935,1223.8485623746535,4.867109697349269,4.1031096973492645,16.271535662129043,541.7910731155948,-0.7640000000000047,-0.04466293280848528,0.08767855569468974,-0.008539004814330342,-0.083083333
2026-03-30,6728.081458757506,1219.0149923549918,4.865976053191908,4.101976053191903,15.920894269478056,538.2465167006005,-0.7640000000000047,-0.043506468073084566,-0.02154937308511584,-0.0065422938672856645,-0.083083333
2026-03-31,6731.495529236647,1245.9460833381095,4.84086634781539,4.076866347815385,14.965686231125954,538.5196423389317,-0.7640000000000047,-0.01802727608867086,-0.05999713472021051,0.0005074359607666334,-0.083083333
2026-04-01,6653.185022331481,1238.4445132203687,4.821363810149244,4.05736381014924,13.013504427247687,532.2548017865186,-0.7640000000000047,-0.019825911495872643,-0.13044385494452482,-0.011633448550183556,-0.083083333
2026-04-02,6808.9459530115555,1254.4546632688582,4.7768164940900135,4.012816494090009,12.819754298459982,544.7156762409245,-0.7640000000000047,-0.004360777891424596,-0.014888389969886284,0.0234114833958865,-0.083083333
2026-04-03,6827.326684544402,1259.2500019454712,4.759746062753322,3.995746062753318,13.532711403186543,546.1861347635522,-0.7640000000000042,0.0015160197411588799,0.055613944552135974,0.0026994973465337413,-0.083083333
2026-04-06,6493.704433446791,1253.6660020349605,4.745347485319423,3.981347485319418,13.594213487547382,519.4963546757433,-0.7640000000000047,-0.0005571830029400816,0.004544697845721979,-0.04886572248737708,-0.083083333
2026-04-07,6332.767040207288,1246.029124492378,4.783744032550351,4.019744032550347,12.735750549531987,506.62136321658306,-0.7640000000000047,-0.004478708622612829,-0.06314914347944933,-0.024783603086486528,-0.083083333
2026-04-08,6179.01490405031,1285.7875857065435,4.764522820331738,4.000522820331733,11.926711134404314,494.3211923240248,-0.7640000000000047,0.027529862524876422,-0.06352506764176558,-0.02427882396127823,-0.083083333
2026-04-09,6205.813332047215,1240.6655791579192,4.755352172787558,3.9913521727875527,11.183352610825912,496.4650665637772,-0.7640000000000051,-0.006708625063027422,-0.06232720112035561,0.004337006531468068,-0.083083333
2026-04-10,6316.471864006141,1243.167305479506,4.736335666091397,3.972335666091391,11.945660113954473,505.31774912049127,-0.7640000000000056,-0.0033619598487543163,0.06816448784692875,0.017831430956435357,-0.083083333
2026-04-13,6159.279749783812,1247.489889475779,4.735571965535925,3.9715719655359196,11.126005741925987,492.74237998270496,-0.7640000000000056,0.00043871655132463776,-0.0686152430430359,-0.024886062600559478,-0.083083333
2026-04-14,6096.790930280562,1232.7107867038833,4.729632585578312,3.965632585578306,11.424488174521947,487.743274422445,-0.7640000000000056,-0.010632882091932298,0.026827456278509132,-0.010145475127257053,-0.083083333
2026-04-15,6063.1624294976955,1227.7544746367967,4.7442168830972165,3.9802168830972104,10.517143027176436,485.05299435981567,-0.764000000000006,-0.0136495829410077,-0.079421076330492,-0.005515770700918354,-0.083083333
2026-04-16,5917.731277867984,1229.0343888005864,4.734604236485986,3.97060423648598,11.86235314856386,473.41850222943873,-0.7640000000000065,-0.011454413200020308,0.1279064207752414,-0.0239860226937314,-0.083083333
2026-04-17,5925.510294572997,1235.38524176983,4.723430902589826,3.9594309025898196,12.549810269987804,474.04082356583973,-0.764000000000006,-0.0054213389141090345,0.057952845680300014,0.0013145268583090175,-0.083083333
2026-04-20,5904.930449450056,1240.8598964627738,4.732252285449974,3.9682522854499678,13.481216539249495,472.3944359560045,-0.764000000000006,-0.0006277982028136539,0.07421676098873764,-0.0034730924595286483,-0.083083333
2026-04-21,5955.073290214503,1247.8726295668062,4.726864322330983,3.9628643223309776,12.13229782318732,476.40586321716023,-0.7640000000000056,0.004987409716222987,-0.1000591239028692,0.008491690324501144,-0.083083333
2026-04-22,5994.753296287366,1245.7270322440372,4.722119131222053,3.958119131222047,10.624146862268773,479.58026370298927,-0.764000000000006,0.002827657822619296,-0.12430876515709666,0.006663227157601259,-0.083083333
2026-04-23,6148.198072339468,1265.3008167747869,4.724929338365907,3.960929338365901,10.919532938780975,491.8558457871575,-0.764000000000006,0.017024346637259814,0.02780327496801216,0.025596512227973323,-0.083083333
2026-04-24,6280.6746215760195,1267.4544117875855,4.759486184164962,3.9954861841649567,13.551677287677451,502.4539697260816,-0.7640000000000056,0.016973142695060738,0.241049169745013,0.021547215570779876,-0.083083333
2026-04-27,6316.108786020764,1252.9644055488588,4.768226193474202,4.004226193474197,14.498930581116143,505.2887028816611,-0.7640000000000056,0.0039793036259550075,0.06989933964115491,0.00564177681216238,-0.083083333
2026-04-28,6180.3553062760375,1261.596923677271,4.757082221796043,3.993082221796038,14.797434007562195,494.42842450208303,-0.7640000000000056,0.0102629222097628,0.02058796162765497,-0.021493214310238762,-0.083083333
2026-04-29,6347.890530647732,1285.2995681476764,4.775089551622483,4.011089551622478,16.95185439717624,507.8312424518186,-0.7640000000000056,0.027316272749798556,0.14559418805402569,0.027107701106045656,-0.083083333
2026-04-30,6222.137963982916,1282.6211880501812,4.7707406427336645,4.006740642733659,16.480357803316387,497.7710371186333,-0.7640000000000056,0.024022802393213017,-0.027813865245231995,-0.01981013473021953,-0.083083333
2026-05-01,6220.5986707127295,1273.9667057329896,4.763129630469095,3.9991296304690893,15.937620118723583,497.64789365701836,-0.7640000000000056,0.016516030818124566,-0.0329323969218428,-0.0002473897684519555,-0.083083333
2026-05-04,6399.217851222532,1266.2195147072525,4.755568637272906,3.9915686372729007,16.47665063130512,511.9374280978026,-0.7640000000000051,0.009828683893464873,0.033821267451862536,0.028714146333014723,-0.083083333
2026-05-05,6187.839129793471,1260.4825292833018,4.768080409536035,4.004080409536029,17.796500302483043,495.0271303834777,-0.7640000000000056,0.004674319508713049,0.08010424574216857,-0.033031962084034694,-0.083083333
2026-05-06,6049.94294599724,1257.431711953862,4.780472781372285,4.016472781372279,18.926658942222666,483.9954356797792,-0.7640000000000056,0.0033765249853601035,0.06350454418175344,-0.022285030509646475,-0.083083333
2026-05-07,6114.895144564172,1262.6593363844659,4.769511532383746,4.00551153238374,18.88573261545926,489.1916115651338,-0.7640000000000056,0.006664592951603309,-0.0021623640436666536,0.010736001834514175,-0.083083333
2026-05-08,6038.232999116667,1260.0770300489687,4.759224944169593,3.9952249441695873,19.458223536229546,483.05863992933337,-0.7640000000000056,0.0039291112140794286,0.030313408138674003,-0.01253695176043268,-0.083083333
2026-05-11,6058.229712239939,1269.8361509057813,4.747052691249343,3.9830526912493376,19.62515970692314,484.6583769791951,-0.7640000000000056,0.01080459791165036,0.008579209216235562,0.0033116829254844493,-0.083083333
2026-05-12,5808.340628321209,1258.5885371098614,4.758019883450441,3.994019883450435,19.77833855939513,464.66725026569674,-0.764000000000006,0.0008205693564220763,0.007805228327286251,-0.04124787203328695,-0.083083333
2026-05-13,5875.629857190342,1264.2900576530403,4.774153283388757,4.0101532833887505,20.412186503666106,470.0503885752273,-0.7640000000000065,0.003896076292271765,0.03204758288303666,0.011584931596648085,-0.083083333
2026-05-14,5779.3921842193395,1255.7999656039372,4.79669888209142,4.032698882091413,21.060020473678247,462.3513747375472,-0.7640000000000065,-0.0039038886491586213,0.031737607820494285,-0.016379124504112608,-0.083083333
2026-05-15,5651.111157341854,1266.327537094654,4.805385171771597,4.041385171771591,21.950896893575138,452.0888925873483,-0.7640000000000065,0.0032154321377435963,0.04230178318251632,-0.022196283413290052,-0.083083333
2026-05-18,5575.410161195117,1280.5167479421425,4.792489454518508,4.0284894545185015,21.734070154896187,446.03281289560937,-0.7640000000000065,0.012865403861473066,-0.009877807714654852,-0.013395771917950494,-0.083083333
2026-05-19,5434.898947439508,1286.1530901931612,4.772658128726269,4.008658128726262,22.150838804092643,434.79191579516066,-0.7640000000000065,0.01578579149188667,0.019175821474127774,-0.025201951012244428,-0.083083333
2026-05-20,5588.116527229212,1277.3058283550313,4.78034315098298,4.016343150982974,21.570159084791957,447.049322178337,-0.7640000000000065,0.00754191773785777,-0.026214795946842395,0.028191431206257667,-0.083083333
2026-05-21,5490.165436185135,1282.2556380812907,4.792800251527301,4.0288002515272945,21.41481561787298,439.2132348948108,-0.7640000000000065,0.01077043719661721,-0.0072017765983238835,-0.01752846250911022,-0.083083333
2026-05-22,5795.927582929809,1308.4563875992565,4.80426088955208,4.040260889552074,21.245714999599663,463.67420663438475,-0.7640000000000065,0.02975970550389247,-0.007896431204020393,0.0556927018500073,-0.083083333
2026-05-25,6027.949350662213,1306.9598924196923,4.827529132614941,4.063529132614935,20.463255031580736,482.23594805297705,-0.7640000000000065,0.02640113154377225,-0.036829072028579435,0.04003186106323264,-0.083083333
2026-05-26,6143.367203273176,1295.6280546168534,4.865418425725662,4.101418425725655,20.038815634745657,491.46937626185405,-0.7640000000000065,0.016143979876596073,-0.020741538732721,0.01914711718642481,-0.083083333
2026-05-27,6047.151357805308,1279.4198200300445,4.887629808867713,4.123629808867706,20.572595011150707,483.7721086244247,-0.7640000000000065,0.00366349058643129,0.02663727168982577,-0.015661744168019798,-0.083083333
2026-05-28,6230.895360188584,1287.2961758450897,4.887551037141423,4.123551037141416,19.04166244106831,498.4716288150867,-0.7640000000000065,0.00965709746320278,-0.0744161137305529,0.030385216362429857,-0.083083333
2026-05-29,6243.271868200602,1291.99187121707,4.910229176175159,4.146229176175153,19.019751375043526,499.46174945604815,-0.7640000000000065,0.012624241187325608,-0.0011506908124538917,0.0019863129288120174,-0.083083333
2026-06-01,6213.042075273206,1286.048616197225,4.923717202323147,4.15971720232314,17.915953245166342,497.0433660218565,-0.7640000000000065,0.0071834426227274165,-0.05803430907753693,-0.004841979264328944,-0.083083333
2026-06-02,6405.758725863692,1273.0418264694617,4.963225466123641,4.199225466123634,17.35865789408666,512.4606980690954,-0.7640000000000065,-0.0034930509570359975,-0.031106095414154766,0.03101808232676606,-0.083083333
2026-06-03,6309.874852640651,1298.7400120769437,4.964855646810594,4.200855646810588,18.194150249971223,504.7899882112521,-0.7640000000000065,0.014981899267834565,0.04813116088710845,-0.014968386623102736,-0.083083333
2026-06-04,6433.64625393605,1309.0724894926354,5.021238769161076,4.257238769161069,16.55916643810895,514.691700314884,-0.7640000000000065,0.021204781198831135,-0.08986315872954054,0.019615508102130086,-0.083083333
2026-06-05,6405.375642624974,1338.4217751890224,4.999713787496576,4.23571378749657,16.527056978785016,512.4300514099979,-0.7640000000000065,0.040919228200518507,-0.0019390746173091333,-0.004394181805345676,-0.083083333
2026-06-08,6590.408095895554,1343.0319953921542,5.02181479509994,4.257814795099933,17.41051964433837,527.2326476716443,-0.7640000000000065,0.04154016065512923,0.05345553456295393,0.02888705730843788,-0.083083333
2026-06-09,6541.033458785662,1349.876858528016,4.993753108636876,4.22975310863687,17.704153722234377,523.282676702853,-0.7640000000000065,0.04315591739151182,0.016865325325972957,-0.007491893732747945,-0.083083333
2026-06-10,6544.419524473194,1363.943308444393,5.01166239729459,4.247662397294584,15.825277471989745,523.5535619578555,-0.7640000000000065,0.049983213564012564,-0.10612629554187503,0.000517665244929022,-0.083083333
2026-06-11,6596.971600181472,1394.4890557712552,5.056788131146674,4.292788131146668,16.7649514007249,527.7577280145177,-0.7640000000000065,0.06779760691855914,0.05937803810380893,0.008030059123159461,-0.083083333
2026-06-12,6719.773459423745,1370.7235090514853,5.101584205093863,4.337584205093856,18.345675075778054,537.5818767538997,-0.7640000000000065,0.04542120612234995,0.09428739978242962,0.018614883720114106,-0.083083333
2026-06-15,6660.620385451336,1369.4937654313876,5.117394029536989,4.353394029536982,17.542489989758348,532.8496308361069,-0.7640000000000065,0.04095131523555978,-0.043780623100654226,-0.008802837525639151,-0.083083333
2026-06-16,6737.868102872504,1373.8078896966806,5.150226863796237,4.386226863796231,17.739007796482767,539.0294482298003,-0.7640000000000065,0.04076336475724413,0.011202389560384551,0.011597676034787785,-0.083083333
2026-06-17,6876.645354935883,1374.7072507864311,5.154851922609701,4.390851922609695,17.96187391137036,550.1316283948706,-0.7640000000000065,0.03761646767073042,0.012563617844047803,0.020596611560890432,-0.083083333
2026-06-18,6720.527774003843,1367.3438165237867,5.15247549149407,4.388475491494064,17.880429348729553,537.6422219203074,-0.7640000000000065,0.028755087804593068,-0.00453430210248007,-0.022702578491994307,-0.083083333
2026-06-19,6529.368075455527,1355.3130959802165,5.1803882822212035,4.416388282221197,17.43314220064508,522.3494460364421,-0.7640000000000065,0.017909217503152566,-0.025015459045241273,-0.02844414977165244,-0.083083333
2026-06-22,6387.564270133445,1333.459065680355,5.222192548781728,4.458192548781722,17.935163150278342,511.0051416106756,-0.7640000000000065,0.0005001176499851059,0.028796928508658892,-0.021717845231475907,-0.083083333
2026-06-23,6840.488609135527,1313.3617241804413,5.263378723712306,4.4993787237123,17.193963131531888,547.2390887308422,-0.7640000000000065,-0.015234152244549319,-0.04132663932499281,0.07090720654191096,-0.083083333
2026-06-24,6750.129924849176,1312.4795806371092,5.2603134673522565,4.49631346735225,15.079902953091334,540.0103939879341,-0.7640000000000065,-0.01711379667475419,-0.12295362984486069,-0.013209390359290474,-0.083083333
2026-06-25,6713.075722217163,1315.0644127279154,5.230024203984334,4.466024203984327,15.312706632459488,537.0460577773731,-0.7640000000000065,-0.016200979704370507,0.015438009123290186,-0.005489405840264694,-0.083083333
2026-06-26,6816.540231224637,1344.13674072432,5.253391458374466,4.48939145837446,15.854498738041505,545.323218497971,-0.7640000000000065,0.0035905333508458874,0.035381864133251284,0.015412385214880642,-0.083083333
2026-06-29,6965.994289158554,1350.5174298316826,5.273595873082678,4.509595873082672,15.039617728426045,557.2795431326844,-0.7640000000000065,0.00593359063358985,-0.05139746283244029,0.021925207343354458,-0.083083333
2026-06-30,6855.486058400749,1341.539225834909,5.303307580619408,4.539307580619401,16.938226252535028,548.43888467206,-0.7640000000000065,-0.0032964360206689286,0.1262404775435526,-0.015863956553882508,-0.083083333
2026-07-01,6787.940323399962,1345.8455880476513,5.301536897246444,4.537536897246437,16.69230194740184,543.035225871997,-0.7640000000000065,-0.0018436422949613463,-0.014518893623609586,-0.009852800286569985,-0.083083333
2026-07-02,6667.771697922195,1331.888171186309,5.29295240035948,4.528952400359474,15.373160917265908,533.4217358337756,-0.7640000000000065,-0.013030310388612682,-0.07902690918799593,-0.017703253085993076,-0.083083333
2026-07-03,6645.461212196808,1335.8445416473503,5.309345703188862,4.545345703188856,14.003715530131634,531.6368969757447,-0.7640000000000065,-0.010003984267447648,-0.08908027402459706,-0.003346018240597326,-0.083083333
2026-07-06,6764.804809965292,1317.91750013607,5.309362805038689,4.545362805038683,13.964142071160063,541.1843847972234,-0.7640000000000065,-0.02237994460619707,-0.0028259256542608746,0.01795866290656334,-0.083083333
2026-07-07,6709.453658529215,1345.5397236037277,5.3216926599387,4.557692659938693,14.327106312840503,536.7562926823373,-0.7640000000000065,-0.0017294285510758875,0.025992591584273805,-0.008182224467813026,-0.083083333
2026-07-08,6608.081401868769,1324.5663726509752,5.371290943818958,4.607290943818952,13.4693683194806,528.6465121495015,-0.7640000000000065,-0.015852232611324197,-0.05986819491882778,-0.0151088690405633,-0.083083333
2026-07-09,6607.82326023106,1326.141660104711,5.3815134149646795,4.617513414964673,11.957518972017182,528.6258608184849,-0.7640000000000065,-0.012173617252598502,-0.1122435226065388,-3.906453658941711e-05,-0.083083333
2026-07-10,6651.864355401722,1333.699924717339,5.399625141638723,4.635625141638717,13.539697556349545,532.1491484321377,-0.7640000000000065,-0.005171771360882262,0.13231662755751872,0.006664992908590905,-0.083083333
2026-07-13,6582.022365581326,1315.487249793239,5.438342372293002,4.674342372292996,14.08487979539437,526.5617892465061,-0.7640000000000065,-0.01677647357699066,0.04026546654944729,-0.010499611250142205,-0.083083333
2026-07-14,6679.9105416874345,1290.8554550768206,5.448890964588467,4.684890964588461,14.88636199809791,534.3928433349947,-0.7640000000000065,-0.03218656506812143,0.056903730407810604,0.014872051577640377,-0.083083333
2026-07-15,6772.800543083837,1278.1180052111265,5.449925402858954,4.685925402858947,15.426971443911766,541.8240434467069,-0.7640000000000065,-0.038254058353027025,0.03631575302837131,0.013905875058760397,-0.083083333
2026-07-16,6644.825097233015,1287.4681870396223,5.474653601045519,4.710653601045513,16.065488696210455,531.5860077786413,-0.7640000000000065,-0.028298162913162075,0.041389669684692265,-0.01889549899435705,-0.083083333
2026-07-17,6650.055606776647,1278.0003810612836,5.483025699105223,4.719025699105217,15.677236213812721,532.0044485421319,-0.7640000000000065,-0.03262151129787103,-0.024166864123424725,0.0007871553377394314,-0.083083333
2026-07-20,6677.988567448561,1298.9724894806002,5.4804677168887075,4.716467716888701,15.769386441824293,534.2390853958849,-0.7640000000000065,-0.015461693389397103,0.005877963867788161,0.004200410090323015,-0.083083333
2026-07-21,6366.089582244746,1306.9415951915735,5.5037040166469975,4.739704016646991,17.405160705918878,509.2871665795797,-0.7640000000000065,-0.009180550713958348,0.1037310024793423,-0.046705528476665426,-0.083083333
2026-07-22,6233.36433225496,1311.7223808775689,5.547044428607287,4.783044428607281,18.69757723922139,498.6691465803968,-0.7640000000000065,-0.005527594440202495,0.07425478886058245,-0.020848787670214697,-0.083083333
2026-07-23,6279.72128989677,1326.394229302001,5.519894024317811,4.755894024317804,19.358306619840608,502.3777031917416,-0.7640000000000065,0.005164057911611158,0.035337700289491236,0.007436908091820182,-0.083083333
2026-07-24,6394.237305545071,1316.951145347241,5.522978732404445,4.758978732404438,19.74589727995319,511.53898444360567,-0.7640000000000065,-0.0009629780445436013,0.02002193000266539,0.0182358436563963,-0.083083333
2026-07-27,6755.036337332616,1313.9883661470212,5.527048395806819,4.763048395806813,19.03711637812733,540.4029069866093,-0.7640000000000065,-0.0018275252511765433,-0.035895097182818025,0.05642565556249557,-0.083083333
2026-07-28,6736.962114008237,1320.550906289687,5.56056505635624,4.796565056356234,18.88613745930217,538.956969120659,-0.7640000000000065,0.00395805956358217,-0.007930766184663707,-0.0026756663357219157,-0.083083333
2026-07-29,6890.586119249982,1334.0248858536359,5.602700928400562,4.838700928400556,18.975299671492554,551.2468895399986,-0.7640000000000065,0.01465767156655123,0.004721040095282625,0.02280315706723557,-0.083083333
2026-07-30,6899.94915139724,1336.7707834058792,5.589586147430723,4.825586147430717,18.14741306072618,551.9959321117792,-0.7640000000000065,0.016557437920204556,-0.04362969887691126,0.001358815053642548,-0.083083333
2026-07-31,6998.302068741141,1351.1216440108853,5.585748344006047,4.821748344006041,18.66449457712008,559.8641654992913,-0.7640000000000065,0.026874168205128196,0.028493400941699276,0.014254151035878904,-0.083083333
2026-08-03,7019.476880679322,1349.181209495263,5.597952384347646,4.83395238434764,20.06102267416017,561.5581504543458,-0.7640000000000065,0.024182630618683133,0.07482271171446708,0.0030257070543955322,-0.083083333
2026-08-04,7047.991971393029,1318.935775640952,5.616311138439636,4.85231113843963,21.782806298704635,563.8393577114424,-0.7640000000000065,0.002234920442542119,0.08582731062670246,0.0040622814489486014,-0.083083333
2026-08-05,6878.063979145029,1322.8539947490624,5.6375137617391164,4.87351376173911,22.57819145710411,550.2451183316024,-0.7640000000000065,0.005277706314308621,0.0365143566670183,-0.024110128521388496,-0.083083333
2026-08-06,6831.415476803529,1362.4007958775549,5.6800810556200085,4.916081055620002,21.61336923756174,546.5132381442824,-0.7640000000000065,0.03390610967910952,-0.042732484635690016,-0.006782214076947124,-0.083083333
2026-08-07,6795.360307721152,1351.6446893747989,5.701769507464034,4.9377695074640275,21.32804311802078,543.6288246176922,-0.7640000000000065,0.025045502675519065,-0.013201371632752923,-0.0052778474980483825,-0.083083333
2026-08-10,6959.8361811183495,1356.440542325387,5.704449536694457,4.940449536694451,20.94000212758573,556.786894489468,-0.7640000000000065,0.02708757974207764,-0.018193933137127916,0.0242041431136939,-0.083083333
2026-08-11,7010.034502686532,1377.0230099708972,5.684076537401482,4.920076537401475,22.56945418407503,560.8027602149225,-0.7640000000000065,0.03928206138611929,0.07781527654874076,0.007212572287889074,-0.083083333
2026-08-12,6890.998339283497,1373.644729540085,5.6936598632546636,4.929659863254657,23.133999131230023,551.2798671426798,-0.7640000000000065,0.033008527997655156,0.02501367301799151,-0.016980824182450838,-0.083083333
2026-08-13,6977.625669386691,1379.9840420662147,5.672472958908987,4.90847295890898,22.86467276783302,558.2100535509353,-0.7640000000000065,0.03417823395107136,-0.011642014935213774,0.01257108561605036,-0.083083333
2026-08-14,6953.220247969415,1376.257067730889,5.670862184366599,4.9068621843665925,23.71609351828346,556.2576198375532,-0.7640000000000065,0.027601824613447457,0.037237390584843766,-0.003497668486911132,-0.083083333
2026-08-17,7368.6925642167325,1376.4436852800006,5.717983922657464,4.953983922657457,23.93584072894905,589.4954051373386,-0.7640000000000065,0.024777255017047535,0.009265742289984669,0.05975250336254634,-0.083083333
2026-08-18,7454.95994282753,1389.3392318425717,5.682290219484021,4.918290219484015,22.965115507849646,596.3967954262024,-0.7640000000000065,0.0312150866719907,-0.04055530081821468,0.011707284278587249,-0.083083333
2026-08-19,7464.610258339488,1388.337921717821,5.67456528009969,4.910565280099684,22.72112782895178,597.168820667159,-0.7640000000000065,0.027550211896065838,-0.010624273969554787,0.0012944825439662466,-0.083083333
2026-08-20,7637.736343999816,1397.6610645206326,5.668095204518247,4.90409520451824,23.301630052612154,611.0189075199853,-0.7640000000000065,0.03172953064450405,0.025549005666905655,0.02319291693319303,-0.083083333
2026-08-21,7542.568576522029,1393.2313204696495,5.664082405367287,4.9000824053672805,22.259765315539756,603.4054861217624,-0.7640000000000065,0.025572136380112645,-0.04471209673829679,-0.01246020590283281,-0.083083333
2026-08-24,7749.3311147322975,1377.003373912592,5.696759705563635,4.932759705563629,22.18262300954743,619.9464891785838,-0.7640000000000065,0.0112811107384306,-0.003465548935436047,0.02741274886831846,-0.083083333
2026-08-25,7466.993339993176,1377.789681696997,5.718884367360874,4.954884367360868,19.971395453341437,597.3594671994541,-0.7640000000000065,0.009736288514188573,-0.09968287137433107,-0.03643382513393545,-0.083083333
2026-08-26,7511.409106615152,1366.0616109972018,5.712762920692559,4.948762920692553,19.125006009596273,600.9127285292122,-0.7640000000000065,-3.271907448151013e-05,-0.042380085343688534,0.005948279930033662,-0.083083333
2026-08-27,7413.362600853491,1369.1037431760594,5.70995975369028,4.945959753690274,20.185804759192372,593.0690080682793,-0.7640000000000065,0.001009551276082245,0.05546658385695813,-0.013053011008988147,-0.083083333
2026-08-28,7382.202884435696,1363.2778969004,5.72835374978848,4.964353749788474,22.05105350698342,590.5762307548557,-0.7640000000000065,-0.0036927273558271427,0.09240398240459724,-0.004203182563093155,-0.083083333
2026-08-31,7020.925167254297,1358.2440447012507,5.744127886024175,4.980127886024168,21.02088296292238,561.6740133803438,-0.7640000000000065,-0.007700168257121626,-0.046717520491018294,-0.048939012221284384,-0.083083333
2026-09-01,7174.202670825821,1360.2349704294716,5.762208595126399,4.998208595126393,22.431086891842853,573.9362136660657,-0.7640000000000065,-0.007742575173743138,0.06708585607026385,0.02183152503695851,-0.083083333
2026-09-02,7167.518535526436,1366.7056624091565,5.779442224931218,5.015442224931212,22.73564508597888,573.4014828421149,-0.7640000000000065,-0.004614421376883806,0.013577504986919786,-0.0009316903363444373,-0.083083333
2026-09-03,6979.10106052024,1367.929115282826,5.77272659278348,5.008726592783473,21.578115868541296,558.3280848416192,-0.7640000000000065,-0.0039238948616947406,-0.05091253021676678,-0.02628768576911078,-0.083083333
2026-09-04,7001.620109468727,1347.3942574685645,5.767501368842013,5.003501368842007,20.304478096537395,560.1296087574982,-0.7640000000000065,-0.018724776783640734,-0.059024512601711265,0.0032266403299234803,-0.083083333
2026-09-07,6950.534633592166,1363.8980118878355,5.7576646054491984,4.993664605449192,20.209842921911296,556.0427706873733,-0.7640000000000065,-0.0069751453339915465,-0.004660803108366363,-0.007296236453542382,-0.083083333
2026-09-08,6923.9013006991645,1361.6854640776505,5.770867122003382,5.006867122003375,22.039706882926772,553.9121040559331,-0.7640000000000065,-0.008032191741888847,0.09054320551059591,-0.003831839462288489,-0.083083333
2026-09-09,7154.529197127257,1340.4424719490012,5.765351155839605,5.001351155839599,23.11824530895489,572.3623357701806,-0.7640000000000065,-0.022325030067507804,0.04893615109117522,0.03330895205060247,-0.083083333
2026-09-10,7215.644405163523,1350.0214086301792,5.741781380679118,4.977781380679112,24.23847585283933,577.2515524130819,-0.7640000000000065,-0.014261361330375092,0.048456555803156665,0.008542170470253296,-0.083083333
2026-09-11,6919.339211767192,1337.4192900870494,5.763320197508605,4.999320197508599,23.10589568447488,553.5471369413754,-0.7640000000000065,-0.02207639205773321,-0.04672654234700058,-0.041064273231687265,-0.083083333
2026-09-14,6914.873868872236,1352.975442726554,5.76756420581744,5.003564205817433,23.915311367555,553.1899095097789,-0.7640000000000065,-0.009852154649897455,0.035030699269709586,-0.0006453423886723098,-0.083083333
2026-09-15,6812.086571146604,1358.5970917998677,5.748606017000138,4.984606017000131,24.68673580871953,544.9669256917283,-0.7640000000000065,-0.004618358301083304,0.03225650836438998,-0.01486466704596534,-0.083083333
2026-09-16,6892.803390061982,1352.4961853826537,5.764892275577639,5.000892275577632,24.439790854846176,551.4242712049586,-0.7640000000000065,-0.00778545451212591,-0.010003143217748978,0.011849059472800016,-0.083083333
2026-09-17,6971.309933340356,1347.8448751670896,5.7560862289645565,4.99208622896455,24.943262765552067,557.7047946672285,-0.7640000000000065,-0.009387589099937572,0.020600499967292407,0.011389639140377161,-0.083083333
2026-09-18,6993.433099997921,1368.7837842590375,5.752071139595563,4.988071139595556,25.260707688442707,559.4746479998337,-0.7640000000000065,0.0069062797915386545,0.012726679980657796,0.003173459058499306,-0.083083333
2026-09-21,7043.1849728606885,1380.5230804433304,5.748484669863362,4.984484669863355,26.897282025906808,563.4547978288551,-0.7640000000000065,0.015410500618636977,0.06478735107697986,0.0071140843347428095,-0.083083333
2026-09-22,7310.640476670133,1400.08615066804,5.736193723767916,4.9721937237679095,27.00480659551544,584.8512381336107,-0.7640000000000065,0.028955920870930626,0.0039975998134333945,0.03797365891141902,-0.083083333
2026-09-23,7293.217709137536,1406.898820522006,5.725452399921753,4.961452399921747,26.731756929867515,583.4574167310029,-0.7640000000000065,0.03241345980878569,-0.01011115057173817,-0.0023832067228851672,-0.083083333
2026-09-24,7347.422415571768,1421.7820210247962,5.751783682890271,4.987783682890265,26.01959101441942,587.7937932457415,-0.7640000000000065,0.04132238823059049,-0.026641193742577784,0.00743220737347805,-0.083083333
2026-09-25,7379.640449281988,1443.8842186677887,5.749828301691165,4.985828301691159,24.143021184043366,590.3712359425591,-0.7640000000000065,0.05439777869993371,-0.07212141917742299,0.0043849437105913935,-0.083083333
2026-09-28,7424.7361144935085,1419.250151140191,5.730288834244773,4.966288834244766,22.896787652052208,593.9788891594807,-0.7640000000000065,0.03410527087304226,-0.051618789649027885,0.006110821458233495,-0.083083333
2026-09-29,7369.641190736897,1420.1722743736561,5.732938766769079,4.968938766769073,22.763446247145957,589.5712952589519,-0.7640000000000065,0.03252253976735851,-0.005823585689510469,-0.0074204554757255625,-0.083083333
2026-09-30,7368.01847891988,1416.2860943635735,5.739704437882847,4.975704437882841,23.552079163326415,589.4414783135904,-0.7640000000000065,0.02784459572553058,0.03464470658871943,-0.00022018871407969431,-0.083083333
2026-10-01,7390.676243643246,1426.212715406052,5.742847493439667,4.978847493439661,26.48551200328285,591.2540994914597,-0.7640000000000065,0.03286424576702349,0.12455090778245026,0.00307515036616568,-0.083083333
2026-10-02,7268.063244351845,1424.2767846066245,5.756207177371741,4.992207177371735,27.193207072285915,581.4450595481476,-0.7640000000000065,0.028598707846716094,0.02672008262159875,-0.016590227368823096,-0.083083333
2026-10-05,7510.192871929331,1398.7326153686604,5.7678054810140535,5.003805481014047,27.709270875105496,600.8154297543465,-0.7640000000000065,0.008881927006690316,0.018977673411148643,0.033314188310847426,-0.083083333
2026-10-06,7467.4249923218285,1403.6922907447374,5.760516667027288,4.996516667027281,27.16181345056077,597.3939993857463,-0.7640000000000065,0.010927760871904894,-0.019757193432201392,-0.005694644643196134,-0.083083333
2026-10-07,7380.542964157816,1398.1411096277077,5.769981200429645,5.0059812004296385,25.57617102577299,590.4434371326253,-0.7640000000000065,0.004842080551435463,-0.05837763475085811,-0.01163480426697916,-0.083083333
2026-10-08,7277.725843092761,1401.1756846295243,5.771808730253955,5.007808730253949,24.90184547236012,582.2180674474209,-0.7640000000000065,0.005175286693970038,-0.026365383338004533,-0.013930834298284789,-0.083083333
2026-10-09,7264.783704307108,1370.8262642716677,5.780763230586608,5.0167632305866015,24.964113976654055,581.1826963445686,-0.7640000000000065,-0.017773754522546686,0.0025005578146026775,-0.0017783218363380815,-0.083083333
2026-10-12,7295.194155280094,1374.656135493217,5.772249967923814,5.008249967923808,24.177199124123547,583.6155324224075,-0.7640000000000065,-0.015794036303309136,-0.03152184184331219,0.0041860091381600295,-0.083083333
2026-10-13,7240.620441761782,1363.665875528475,5.773877165733475,5.009877165733468,24.425329998017848,579.2496353409425,-0.7640000000000065,-0.023839807866217352,0.010263011551520984,-0.007480776022775526,-0.083083333
2026-10-14,7729.90527062347,1365.1481527145427,5.784126298997044,5.020126298997037,23.435937910686874,618.3924216498776,-0.7640000000000065,-0.023221062421617873,-0.0405068053291916,0.06757498653563387,-0.083083333
2026-10-15,7871.785734868746,1403.0799100269523,5.782887036599339,5.018887036599333,24.12624998960697,629.7428587894997,-0.7640000000000065,0.0019396413374177,0.029455278536358875,0.018354748121490516,-0.083083333
2026-10-16,7961.156604904865,1403.4424327843685,5.848474722675222,5.084474722675216,25.413507550418664,636.8925283923892,-0.7640000000000065,0.000959843727260733,0.05335506186689676,0.011353315886158288,-0.083083333
2026-10-19,7716.750610398669,1400.144724910555,5.819244303445327,5.0552443034453205,23.09968177100654,617.3400488318936,-0.7640000000000065,-0.0020904019702437096,-0.09104708489458413,-0.03069980991902832,-0.083083333
2026-10-20,7821.63853395263,1376.2495601293701,5.812135260838667,5.04813526083866,23.43490517783117,625.7310827162104,-0.7640000000000065,-0.01828703165999522,0.014512035713209803,0.013592239641983417,-0.083083333
2026-10-21,7958.527160978016,1357.2563082431188,5.800487340085275,5.0364873400852685,23.50521401966358,636.6821728782413,-0.7640000000000065,-0.030118153872077585,0.003000176074914096,0.017501272454764072,-0.083083333
2026-10-22,8031.848578704657,1354.4218140154212,5.802629169128892,5.038629169128885,25.003648731179915,642.5478862963726,-0.7640000000000065,-0.029808650432082168,0.06374903501252116,0.009212938052928665,-0.083083333
2026-10-23,8116.046995567686,1362.1289441076533,5.793083524542106,5.0290835245420995,25.79906567143128,649.2837596454149,-0.7640000000000065,-0.021422530285159582,0.03181203466754301,0.01048306825483114,-0.083083333
2026-10-26,8262.5682268594,1367.5967936392406,5.820651223376213,5.056651223376207,25.404884378098462,661.0054581487519,-0.7640000000000065,-0.015667967402150377,-0.01527889801719895,0.01805327536567125,-0.083083333
2026-10-27,8054.047893959295,1361.8470534950022,5.818991643417069,5.054991643417063,23.861006781044644,644.3238315167436,-0.7640000000000065,-0.017744618510141124,-0.06077089641804445,-0.02523674566731693,-0.083083333
2026-10-28,8080.204490075197,1378.1043578679562,5.814061724460356,5.05006172446035,23.195763782671357,646.4163592060157,-0.7640000000000065,-0.004648199851484191,-0.027879921600867275,0.00324763354530333,-0.083083333
2026-10-29,8141.373282223661,1383.4209330972144,5.825615398733976,5.061615398733969,23.054032754945634,651.3098625778929,-0.7640000000000065,0.0007382418592437294,-0.006110211720279923,0.007570203479824844,-0.083083333
2026-10-30,8213.574432885525,1385.6879252890853,5.84514227088152,5.0811422708815135,19.777023745787428,657.085954630842,-0.7640000000000065,0.003779131325730288,-0.14214471906027848,0.008868424055621382,-0.083083333
2026-11-02,8294.258358518911,1374.853464764242,5.857007199888402,5.093007199888396,18.755449226944204,663.5406686815129,-0.7640000000000065,-0.0032071310166080585,-0.05165461355431822,0.009823241548812645,-0.083083333
2026-11-03,7911.923581702485,1389.772365834735,5.885057882731562,5.121057882731556,20.46616986952795,632.9538865361988,-0.7640000000000065,0.008118039772899228,0.09121192576534565,-0.04609631871712028,-0.083083333
2026-11-04,7889.620233298905,1389.1989297227656,5.869764053235995,5.105764053235989,21.79176722298333,631.1696186639124,-0.7640000000000065,0.008029008170265563,0.06477017252891382,-0.00281895397159293,-0.083083333
2026-11-05,8123.560555981065,1430.5151668645585,5.9146763538532054,5.150676353853199,20.74694366346609,649.8848444784852,-0.7640000000000065,0.03690510267256393,-0.04794579296053081,0.029651658224915778,-0.083083333
2026-11-06,8439.50440159035,1437.1272608500492,5.925356826602536,5.161356826602529,21.228457103894986,675.160352127228,-0.7640000000000065,0.039200760629577634,0.023208885522584488,0.038892286631219575,-0.083083333
2026-11-09,8419.176170350318,1429.0578968195086,5.94945505469787,5.185455054697863,22.032513486942328,673.5340936280254,-0.7640000000000065,0.031337164657135916,0.037876345846152626,-0.002408699643097645,-0.083083333
2026-11-10,8413.691486534,1424.4768396867648,5.953943272645673,5.1899432726456665,23.730742309632248,673.09531892272,-0.7640000000000065,0.025780156046037048,0.07707830628114132,-0.0006514513659463539,-0.083083333
2026-11-11,8544.61288378382,1431.5260173331005,5.960701475365293,5.196701475365287,24.870609239919407,683.5690307027056,-0.7640000000000065,0.028398499999213872,0.04803334490824129,0.015560517931915818,-0.083083333
2026-11-12,8726.742883896057,1430.4631203893239,5.976795481312312,5.212795481312305,23.143883205361305,698.1394307116846,-0.7640000000000065,0.026625138185039948,-0.06942837700117788,0.021315184501557338,-0.083083333
2026-11-13,8679.617794522306,1443.5739330939007,6.042647732251328,5.278647732251321,23.735853059226784,694.3694235617845,-0.7640000000000065,0.03454476027957838,0.025577810284159508,-0.005400077669380332,-0.083083333
2026-11-16,8653.253841253725,1446.4574687224888,6.002849240657982,5.238849240657975,22.40389048963454,692.260307300298,-0.7640000000000065,0.03489384084874475,-0.05611606063909602,-0.00303745555307966,-0.083083333
2026-11-17,8492.14214119065,1460.733972219765,6.019991881631607,5.2559918816316005,22.3133819956253,679.3713712952521,-0.7640000000000065,0.04195911347397232,-0.0040398561156651525,-0.018618626359368617,-0.083083333
2026-11-18,8637.586796169475,1477.4973879133136,6.023106786371993,5.259106786371986,21.03540446877536,691.006943693558,-0.7640000000000065,0.049416268901585535,-0.057274039726496584,0.01712696897445376,-0.083083333
2026-11-19,8426.476890675709,1464.862114479274,6.025828119661531,5.261828119661525,20.646088518949654,674.1181512540568,-0.7640000000000065,0.0363770883408557,-0.018507652201487423,-0.02444084331371199,-0.083083333
2026-11-20,8391.450400393733,1456.1616174731125,6.018846506315919,5.254846506315912,19.46118579218741,671.3160320314986,-0.7640000000000065,0.026806031890037368,-0.05739114823975977,-0.004156718250866498,-0.083083333
2026-11-23,8578.887851750571,1436.9323495834517,6.015240744743193,5.251240744743186,20.64962935635166,686.3110281400457,-0.7640000000000065,0.010775671948750353,0.061067376718706656,0.022336716826455216,-0.083083333
2026-11-24,8540.328130719641,1442.3731508514686,6.026061416274951,5.262061416274944,20.74241945648609,683.2262504575713,-0.7640000000000065,0.011737422768733885,0.004493547972854506,-0.004494722590768108,-0.083083333
2026-11-25,8596.800269959227,1472.804817653672,6.041288926659865,5.277288926659859,21.14612066626246,687.7440215967382,-0.7640000000000065,0.029663539888248068,0.019462590206666297,0.0066124086071652766,-0.083083333
2026-11-26,8430.30335346299,1454.7673491190544,6.062618856054409,5.298618856054403,23.283162461915097,674.4242682770392,-0.7640000000000065,0.014523034683038272,0.1010607018365397,-0.019367312403202552,-0.083083333
2026-11-27,8296.148320604507,1479.611493906091,6.069740124459962,5.305740124459955,24.602616393986008,663.6918656483606,-0.7640000000000065,0.028480513149575615,0.05666987610592744,-0.015913428880750202,-0.083083333
2026-11-30,8475.483683903845,1473.6751005480098,6.081662984377832,5.317662984377826,26.039968926640785,678.0386947123077,-0.7640000000000065,0.02084795787939052,0.0584227510455404,0.02161670167515406,-0.083083333
2026-12-01,8535.557454526286,1488.1260648922103,6.101039597614747,5.337039597614741,26.3329154327388,682.844596362103,-0.7640000000000065,0.027358675564360356,0.011249879249982886,0.007087945993752509,-0.083083333
2026-12-02,8797.42827292841,1490.3667066892567,6.111857881641926,5.34785788164192,26.559272582474996,703.7942618342728,-0.7640000000000065,0.02532494662312823,0.008595977544316069,0.030679990123346546,-0.083083333
2026-12-03,8381.74239116747,1479.1432985933,6.138124340667835,5.374124340667828,25.81698539130233,670.5393912933977,-0.7640000000000065,0.015904264374633267,-0.027948325349183678,-0.047250840684895934,-0.083083333
2026-12-04,8035.399292336616,1473.026558128953,6.134193570451452,5.370193570451446,25.965860047689294,642.8319433869293,-0.7640000000000065,0.010457459797020003,0.005766539126489834,-0.04132113380098923,-0.083083333
2026-12-07,8036.73065105318,1470.7787937879139,6.1180580135962925,5.354058013596286,25.37918999892738,642.9384520842544,-0.7640000000000065,0.00747388580620608,-0.022593900132112932,0.000165686690620781,-0.083083333
2026-12-08,7927.1137105216085,1480.313903986584,6.127551540385465,5.363551540385458,25.280753377495728,634.1690968417287,-0.7640000000000065,0.0120698904075173,-0.003878635269124575,-0.01363949412902199,-0.083083333
2026-12-09,7973.7692136261285,1465.922674085424,6.146941325797824,5.382941325797818,25.76703511356637,637.9015370900903,-0.7640000000000065,0.0010537433641678085,0.019235254931267765,0.005885559966497533,-0.083083333
2026-12-10,7692.360332852881,1465.0759712679308,6.113381589567713,5.349381589567707,26.612952636875512,615.3888266282305,-0.7640000000000065,-0.0007054483736524543,0.032829447376495624,-0.03529182664233077,-0.083083333
2026-12-11,7424.731662604704,1461.8210586601872,6.121022404375221,5.357022404375215,25.50315954406011,593.9785330083763,-0.7640000000000065,-0.003545639988112116,-0.041701238789928485,-0.034791489044679325,-0.083083333
2026-12-14,7618.716479686422,1466.7078601415221,6.165929383971194,5.401929383971187,25.452412346624975,609.4973183749138,-0.7640000000000065,-0.0009041010303319507,-0.0019898396254575124,0.026126845507257634,-0.083083333
2026-12-15,7556.85812582047,1474.768149271657,6.169793386188484,5.405793386188478,25.92750113452458,604.5486500656376,-0.7640000000000065,0.004106473081895826,0.018665766585484356,-0.008119261824597657,-0.083083333
2026-12-16,7544.163525672523,1470.8738914852204,6.199760987384256,5.435760987384249,27.26994037467282,603.5330820538019,-0.7640000000000065,0.001680901501122921,0.051776653414573603,-0.0016798780573333838,-0.083083333
2026-12-17,7695.007689193513,1490.3644815071002,6.197620176628022,5.433620176628016,28.24373736045608,615.6006151354811,-0.7640000000000065,0.014073612055052238,0.03570953850297687,0.01999481625864452,-0.083083333
